form	lemma	POS	morph
༄༅།		PUNCT
		
།		PUNCT
གཙུག་ཏོར་	གཙུག་ཏོར་	PROPN
གདུགས་དཀར་	གདུགས་དཀར་	NO_POS
མོ་	མོ་	PRON
འི་	གི་	PART
རྒྱུན་	རྒྱུན་	NOUN
ཁྱེ་	ཁྱེ་	VERB
འབར་བ་	འབར་བ་	VERB
འི་	གི་	PART
ཐོག་བརྩེགས་	ཐོག་བརྩེགས་	NOUN
།		PUNCT
ན་མོ་	ན་མོ་	X
གུ་རུ་	གུ་རུ་	PROPN
ཨུཥྞི་		NON_WORD
ཥ་	ཥ་	NO_POS
ཡ་	ཡ་	NOUN
།		PUNCT
སྦྱོར་བ་	སྦྱོར་བ་	VERB
ནི་	ནི་	NO_POS
།		PUNCT
བླ་མ་	བླ་མ་	NOUN
མཆོག་	མཆོག་	ADJ
གསུམ་	གསུམ་	NUM
གདུགས་དཀར་	གདུགས་དཀར་	NO_POS
མོ་	མོ་	PRON
ར་	ལ་	PART
།		PUNCT
		
།		PUNCT
གུས་པ་	གུས་པ་	VERB
ས་	གིས་	PART
སྐྱབས་	སྐྱབས་	NOUN
མཆི་	མཆི་	NO_POS
མཁའ་མཉམ་	མཁའ་མཉམ་	OTHER
འགྲོ་	འགྲོ་	VERB
།		PUNCT
		
།		PUNCT
བླ་མེད་	བླ་མེད་	ADJ
བྱང་ཆུབ་	བྱང་ཆུབ་	NOUN
མཆོག་ཐོབ་	མཆོག་ཐོབ་	OTHER
ཕྱི་	ཕྱི་	OTHER
།		PUNCT
		
།		PUNCT
གཙུག་ཏོར་	གཙུག་ཏོར་	PROPN
འབའ་	འབའ་	VERB
མ་	མ་	PART
བསྒོམ་པ་	བསྒོམ་པ་	VERB
ར་	ལ་	PART
བགྱི་	བགྱི་	VERB
།		PUNCT
ཞེ་	ཅེས་	PART
སྐྱབས་སེམས་	སྐྱབས་སེམས་	NO_POS
དང་	དང་	NO_POS
།		PUNCT
སེམས་ཅན་	སེམས་ཅན་	NOUN
བདེ་	བདེ་	VERB
དང་	དང་	NO_POS
ལྡན་	ལྡན་	VERB
གྱུར་ཅིག་	གྱུར་ཅིག་	NO_POS
		
།		PUNCT
སྡུག་བསྔལ་	སྡུག་བསྔལ་	NOUN
ཀུན་	ཀུན་	DET
དང་	དང་	NO_POS
བྲལ་བ་	བྲལ་བ་	VERB
ར་	ལ་	PART
ཤོག་	ཤོག་	VERB
		
།		PUNCT
བདེ་	བདེ་	VERB
དང་	དང་	NO_POS
རྟག་	རྟག་	VERB
ཏུ་	ལ་	PART
མི་	མི་	PART
འབྲལ་	འབྲལ་	NO_POS
ཞིང་	ཅིང་	PART
།		PUNCT
		
།		PUNCT
ཆོ་	ཆོ་	NOUN
ཀུན་	ཀུན་	DET
མཉམ་ཉིད་	མཉམ་ཉིད་	NOUN
རྟོགས་པ་	རྟོགས་པ་	VERB
ར་	ལ་	PART
ཤོག་	ཤོག་	VERB
		
།		PUNCT
ཅེས་	ཅེས་	PART
ཚད་	ཚད་	NOUN
མེད་	མེད་	VERB
བཞི་	བཞི་	NUM
བསྒོམ་	བསྒོམ་	VERB
།		PUNCT
དངོས་གཞི་	དངོས་གཞི་	NOUN
ནི་	ནི་	NO_POS
།		PUNCT
ཆོ་	ཆོ་	NOUN
རྣམས་	རྣམས་	DET
སྟོང་པ་	སྟོང་པ་	VERB
འི་	གི་	PART
ངང་	ངང་	NOUN
ཉིད་	ཉིད་	DET
ལ་	ལ་	ADP
ས་	གིས་	PART
།		PUNCT
		
།		PUNCT
མི་	མི་	PART
ཕྱེད་	ཕྱེད་	NUM
རྡོ་རྗེ་	རྡོ་རྗེ་	NOUN
འི་	གི་	PART
སྲུང་འཁོར་	སྲུང་འཁོར་	NOUN
དབུ་	དབུ་	NOUN
།		PUNCT
		
།		PUNCT
མཚན་	མཚན་	NOUN
རྫོགས་	རྫོགས་	VERB
རིན་ཆེན་	རིན་ཆེན་	OTHER
གཞལ་ཡས་	གཞལ་ཡས་	ADJ
ལྟེར་		NON_WORD
།		PUNCT
		
།		PUNCT
སེང་ཁྲི་	སེང་ཁྲི་	NOUN
པད་	པད་	NO_POS
ཟླ་	ཟླ་	NOUN
འི་	གི་	PART
གདན་	གདན་	NOUN
གྱི་	གི་	PART
སྟེང་	སྟེང་	NOUN
།		PUNCT
		
།		PUNCT
ཨོཾ་	ཨོཾ་	X
ལ་	ལ་	ADP
ས་	གིས་	PART
འཁོར་ལོ་	འཁོར་ལོ་	NOUN
ཨོཾ་	ཨོཾ་	X
གྱིས་	གིས་	PART
མཚན་	མཚན་	NOUN
།		PUNCT
		
།		PUNCT
དེ་ལས་	དེ་ལས་	NO_POS
འོད་འཕྲོ་	འོད་འཕྲོ་	NO_POS
ས་	གིས་	PART
འཕགས་པ་	འཕགས་པ་	VERB
མཆོད་	མཆོད་	VERB
།		PUNCT
		
།		PUNCT
སེམས་ཅན་	སེམས་ཅན་	NOUN
དོན་	དོན་	NOUN
བྱ་	བྱ་	VERB
གདོན་བགེགས་	གདོན་བགེགས་	NO_POS
བཅོམ་	བཅོམ་	VERB
།		PUNCT
		
།		PUNCT
ཚུ་		
འདུ་	འདུ་	VERB
ཡོངས་	ཡོངས་	DET
གྱུར་	གྱུར་	VERB
སྐད་ཅིག་	སྐད་ཅིག་	OTHER
གིས་	གིས་	PART
།		PUNCT
		
།		PUNCT
རང་ཉིད་	རང་ཉིད་	OTHER
གཙུག་ཏོར་	གཙུག་ཏོར་	PROPN
རྒྱལ་མོ་	རྒྱལ་མོ་	OTHER
དཀ་	དཀའ་	VERB
ར་	ལ་	PART
།		PUNCT
		
།		PUNCT
ཞི་	ཞི་	VERB
སྒེག་	སྒེག་	VERB
ཁྲོ་རྔམས་	ཁྲོ་རྔམས་	NO_POS
དབུ་	དབུ་	NOUN
སྟོང་	སྟོང་	NUM
ལྡན་	ལྡན་	VERB
།		PUNCT
		
།		PUNCT
བྱེ་བ་	བྱེ་བ་	NOUN
བརྒྱ་	བརྒྱ་	NUM
སྟོང་	སྟོང་	NUM
སྤྱན་	སྤྱན་	NOUN
གྱིས་	གིས་	PART
གཏམས་	གཏམས་	VERB
།		PUNCT
		
།		PUNCT
ཕྱག་	ཕྱག་	NOUN
སྟོང་	སྟོང་	NUM
འཁོར་ལོ་	འཁོར་ལོ་	NOUN
གདུགས་དཀར་	གདུགས་དཀར་	NO_POS
སོགས་	སོགས་	DET
།		PUNCT
		
།		PUNCT
འབར་བ་	འབར་བ་	VERB
འི་	གི་	PART
མཚོན་ཆ་	མཚོན་ཆ་	NOUN
སྣ་ཚོགས་	སྣ་ཚོགས་	DET
འཆང་	འཆང་	NO_POS
།		PUNCT
		
།		PUNCT
ཞབས་	ཞབས་	NOUN
སྟོང་	སྟོང་	NUM
བརྐྱང་བསྐུམ་	བརྐྱང་བསྐུམ་	NO_POS
རོལ་	རོལ་	VERB
སྟབས་	སྟབས་	NOUN
ཀྱིས་	གིས་	PART
།		PUNCT
		
།		PUNCT
གདོན་བགེགས་	གདོན་བགེགས་	NO_POS
འབྱུང་པོ་	འབྱུང་པོ་	NOUN
འི་	གི་	PART
ཚོགས་	ཚོགས་	NOUN
རྣམས་	རྣམས་	DET
གནོན་	གནོན་	VERB
།		PUNCT
		
།		PUNCT
ལྷ་རྫས་	ལྷ་རྫས་	NOUN
རིན་ཆེན་	རིན་ཆེན་	OTHER
རྒྱན་ཆ་	རྒྱན་ཆ་	NOUN
ཀླུབས་	ཀླུབས་	NO_POS
།		PUNCT
		
།		PUNCT
འོད་ཟེར་	འོད་ཟེར་	NOUN
སྣང་བ་	སྣང་བ་	VERB
འབྱམས་	འབྱམས་	NO_POS
ཀླས་	ཀླས་	NO_POS
དབུ་	དབུ་	NOUN
།		PUNCT
		
།		PUNCT
རྡོ་རྗེ་	རྡོ་རྗེ་	NOUN
ཡངས་པ་	ཡངས་པ་	ADJ
ཆེན་པོ་	ཆེན་པོ་	ADJ
ཡི་	གིས་	PART
།		PUNCT
		
།		PUNCT
ས་	ས་	ADP
གསུམ་	གསུམ་	NUM
དཀྱིལ་འཁོར་	དཀྱིལ་འཁོར་	NOUN
དབང་	དབང་	NOUN
མཛད་	མཛད་	VERB
མ་	མ་	PART
།		PUNCT
		
།		PUNCT
ཆེ་བ་	ཆེ་བ་	VERB
འི་	གི་	PART
བདག་ཉིད་	བདག་ཉིད་	NOUN
ཆེན་	ཆེན་	NO_POS
མོ་	མོ་	PRON
ར་	ལ་	PART
གྱུར་	གྱུར་	VERB
།		PUNCT
		
།		PUNCT
གནས་	གནས་	NOUN
གསུམ་	གསུམ་	NUM
འབྲུ་	འབྲུ་	NOUN
གསུམ་	གསུམ་	NUM
ཐུགས་	ཐུགས་	NOUN
དབུ་	དབུ་	NOUN
སུ་	ལ་	PART
།		PUNCT
		
།		PUNCT
ཟླ་	ཟླ་	NOUN
སྟེང་	སྟེང་	NOUN
ཨོཾ་	ཨོཾ་	X
ཡིག་དཀར་པོ་	ཡིག་དཀར་པོ་	NO_POS
ས་	གིས་	PART
མཚན་	མཚན་	NOUN
།		PUNCT
		
།		PUNCT
དེ་ལས་	དེ་ལས་	NO_POS
འོད་འཕྲོ་	འོད་འཕྲོ་	NO_POS
ས་	གིས་	PART
རང་	རང་	PRON
འདྲ་བ་	འདྲ་བ་	VERB
འི་	གི་	PART
།		PUNCT
		
།		PUNCT
ཡེ་ཤེས་	ཡེ་ཤེས་	NOUN
སེམས་མ་	སེམས་མ་	NO_POS
སྤྱན་	སྤྱན་	NOUN
དྲངས་	དྲངས་	NO_POS
ཐིམ་	ཐིམ་	NO_POS
།		PUNCT
		
།		PUNCT
བཛྲ་	བཛྲ་	NO_POS
ས་	ས་	ADP
མཱ་	མཱ་	NO_POS
ཛཿ་		NON_WORD
		
ཛཿ་		NON_WORD
ཧཱུྃ་		NON_WORD
བཾ་		NON_WORD
ཧོཿ་		NON_WORD
		
གཉིས་	གཉིས་	NUM
མེད་	མེད་	VERB
གྱུར་	གྱུར་	VERB
།		PUNCT
		
།		PUNCT
སླར་ཡང་	སླར་ཡང་	OTHER
དབང་	དབང་	NOUN
ལྷ་	ལྷ་	NOUN
སྤྱན་	སྤྱན་	NOUN
དྲངས་	དྲངས་	NO_POS
ཏེ་	སྟེ་	PART
།		PUNCT
		
།		PUNCT
བུམ་པ་	བུམ་པ་	NOUN
འི་	གི་	PART
བདུད་རྩི་	བདུད་རྩི་	NOUN
ས་	གིས་	PART
དབང་	དབང་	NOUN
བསྐུར་བ་	བསྐུར་བ་	VERB
ས་	གིས་	PART
།		PUNCT
		
།		PUNCT
ལུས་	ལུས་	NOUN
གང་	གང་	NO_POS
སྒྲིབ་	སྒྲིབ་	NOUN
དག་	དག་	DET
རྣམ་སྣང་	རྣམ་སྣང་	PROPN
མཛད་	མཛད་	VERB
།		PUNCT
		
།		PUNCT
གཙོ་	གཙོ་	NOUN
བྱ་	བྱ་	VERB
རིགས་	རིགས་	NOUN
ལྔ་	ལྔ་	NUM
ས་	གིས་	PART
དབུ་རྒྱན་	དབུ་རྒྱན་	NOUN
གྱུར་	གྱུར་	VERB
།		PUNCT
		
།		PUNCT
ཐུགས་	ཐུགས་	NOUN
སྲོག་	སྲོག་	NOUN
མཐའ་མ་	མཐའ་མ་	NOUN
ར་	ལ་	PART
སྔགས་	སྔགས་	NOUN
ཕྲེང་	ཕྲེང་	OTHER
ནི་	ནི་	NO_POS
།		PUNCT
		
།		PUNCT
མུ་ཏིག་	མུ་ཏིག་	NOUN
མདངས་	མདངས་	NOUN
འོད་	འོད་	NOUN
འཚེར་བ་	འཚེར་བ་	VERB
ས་	གིས་	PART
བསྐོར་	བསྐོར་	VERB
།		PUNCT
		
།		PUNCT
འོད་འཕྲོ་	འོད་འཕྲོ་	NO_POS
ས་	གིས་	PART
སངས་རྒྱས་	སངས་རྒྱས་	NOUN
བྱང་སེམས་	བྱང་སེམས་	NOUN
ཀྱི་	གི་	PART
།		PUNCT
		
།		PUNCT
བྱིན་རླབས་	བྱིན་རླབས་	NOUN
ནུས་པ་	ནུས་པ་	VERB
ཐམས་ཅད་	ཐམས་ཅད་	DET
བསྡུ་	བསྡུ་	VERB
།		PUNCT
		
།		PUNCT
རང་	རང་	PRON
ཐིམ་	ཐིམ་	NO_POS
མཐུ་སྟོབས་	མཐུ་སྟོབས་	NOUN
ཡེ་ཤེས་	ཡེ་ཤེས་	NOUN
རྒྱ་	རྒྱ་	VERB
།		PUNCT
		
།		PUNCT
གང་	གང་	NO_POS
འདུལ་	འདུལ་	NO_POS
ཕྲིན་ལས་	ཕྲིན་ལས་	NOUN
རྣམ་པ་	རྣམ་པ་	NOUN
བཞི་	བཞི་	NUM
།		PUNCT
		
།		PUNCT
ཐོགས་མེད་	ཐོགས་མེད་	PROPN
ཡིད་བཞིན་	ཡིད་བཞིན་	OTHER
འགྲུབ་པ་	འགྲུབ་པ་	VERB
ར་	ལ་	PART
གྱུར་	གྱུར་	VERB
།		PUNCT
ཏདྱ་		NON_WORD
ཐཱ་		NON_WORD
།		PUNCT
		
ཨོཾ་	ཨོཾ་	X
ཨ་ན་	ཨ་ན་	NO_POS
ལེ་	ལེ་	NO_POS
།		PUNCT
		
ཨ་ན་	ཨ་ན་	NO_POS
ལེ་	ལེ་	NO_POS
།		PUNCT
		
ཁ་ས་	ཁ་ས་	NO_POS
མེ་	མེ་	NOUN
།		PUNCT
		
ཁ་ས་	ཁ་ས་	NO_POS
མེ་	མེ་	NOUN
།		PUNCT
		
བཻ་	བཻ་	NO_POS
རེ་	རེ་	DET
བཻ་	བཻ་	NO_POS
རེ་	རེ་	DET
།		PUNCT
		
སཽ་		NON_WORD
མེ་	མེ་	NOUN
སཽ་		NON_WORD
མེ་	མེ་	NOUN
།		PUNCT
		
སརྦ་	སརྦ་	NO_POS
བུདྡྷ་		NON_WORD
ཨ་	ཨ་	X
དྷིཥྛཱི་		NON_WORD
ན་	ལ་	PART
ཨ་	ཨ་	X
དྷིཥྛི་		NON_WORD
ཏེ་	སྟེ་	PART
སརྦ་	སརྦ་	NO_POS
ཏ་	ཏ་	OTHER
ཐཱ་		NON_WORD
ག་	ག་	PRON
ཏོཥྞཱི་		NON_WORD
ཥ་	ཥ་	NO_POS
སི་ཏཱ་	སི་ཏཱ་	NO_POS
ཏ་པ་	ཏ་པ་	OTHER
ཏྲེ་	ཏྲེ་	NO_POS
ཧཱུྃ་		NON_WORD
ཕཊ་		NON_WORD
།		PUNCT
ཧཱུྃ་		NON_WORD
མ་མ་	མ་མ་	NOUN
ཧཱུྃ་		NON_WORD
ནི་	ནི་	NO_POS
སྭཱ་		NON_WORD
ཧཱ་		NON_WORD
།		PUNCT
ཞེ་	ཅེས་	PART
བསྙེན་པ་	བསྙེན་པ་	VERB
འི་	གི་	PART
སྔགས་	སྔགས་	NOUN
དང་	དང་	NO_POS
།		PUNCT
ཨོཾ་	ཨོཾ་	X
སརྦ་	སརྦ་	NO_POS
ཏ་	ཏ་	OTHER
ཐཱ་		NON_WORD
ག་	ག་	PRON
ཏོཥྞཱི་		NON_WORD
ཥ་	ཥ་	NO_POS
ཧཱུྃ་		NON_WORD
ཕཊ་		NON_WORD
།		PUNCT
		
ཧཱུྃ་		NON_WORD
མ་མ་	མ་མ་	NOUN
ཧཱུྃ་		NON_WORD
ནི་	ནི་	NO_POS
སྭཱ་		NON_WORD
ཧཱ་		NON_WORD
།		PUNCT
ཞེ་	ཅེས་	PART
སྙིང་པོ་	སྙིང་པོ་	NOUN
ཅི་	ཅི་	NO_POS
འགྲུབ་	འགྲུབ་	VERB
བཟླ་	བཟླ་	NO_POS
།		PUNCT
ཕྱག་རྒྱ་	ཕྱག་རྒྱ་	NOUN
བསྒོམས་	བསྒོམས་	VERB
ཤིང་	ཅིང་	PART
རིག་	རིག་	VERB
སྔགས་	སྔགས་	NOUN
བཟླས་པ་	བཟླས་པ་	VERB
འི་	གི་	PART
བདེན་	བདེན་	VERB
སྟོབས་	སྟོབས་	NOUN
ཀྱིས་	གིས་	PART
བདག་	བདག་	PRON
དང་	དང་	NO_POS
བསྲུང་	བསྲུང་	NO_POS
བྱ་གདོན་	བྱ་གདོན་	NO_POS
དང་	དང་	NO_POS
འཇིགས་པ་	འཇིགས་པ་	VERB
ཐམས་ཅད་	ཐམས་ཅད་	DET
ལ་	ལ་	ADP
ས་	གིས་	PART
བསྲུང་བ་	བསྲུང་བ་	VERB
ར་	ལ་	PART
མོ་	མོ་	VERB
ལ་	ལ་	PART
།		PUNCT
བཅོམ་ལྡན་འདས་	བཅོམ་ལྡན་འདས་	NOUN
དེ་བཞིན་	དེ་བཞིན་	OTHER
གཤེགས་པ་	གཤེགས་པ་	VERB
འི་	གི་	PART
གཙུག་ཏོར་	གཙུག་ཏོར་	PROPN
ན་	ནས་	PART
བྱུང་བ་	བྱུང་བ་	VERB
འི་	གི་	PART
གདུགས་དཀར་	གདུགས་དཀར་	NO_POS
མོ་	གོ་	PART
ཅན་	ཅན་	PART
རྡོ་རྗེ་	རྡོ་རྗེ་	NOUN
གཙུག་ཏོར་	གཙུག་ཏོར་	PROPN
ཕྱི་	ཕྱི་	OTHER
ཟློག་པ་	ཟློག་པ་	VERB
ཆེན་	ཆེན་	NO_POS
མོ་	གོ་	PART
།		PUNCT
ཕྱག་	ཕྱག་	NOUN
སྟོང་	སྟོང་	NUM
མངའ་བ་	མངའ་བ་	VERB
ཆེན་	ཆེན་	NO_POS
མོ་	གོ་	PART
།		PUNCT
		
དབུ་	དབུ་	NOUN
སྟོང་	སྟོང་	NUM
མངའ་བ་	མངའ་བ་	VERB
ཆེན་	ཆེན་	NO_POS
མོ་	གོ་	PART
།		PUNCT
		
སྤྱན་	སྤྱན་	NOUN
བྱེ་	བྱེ་	NOUN
བ་རྒྱ་	བ་རྒྱ་	NO_POS
སྟོང་	སྟོང་	NUM
མངའ་བ་	མངའ་བ་	VERB
ཆེན་	ཆེན་	NO_POS
མོ་	གོ་	PART
།		PUNCT
མི་	མི་	PART
ཕྱེད་	ཕྱེད་	NUM
འབར་བ་	འབར་བ་	VERB
འི་	གི་	PART
མཚན་རྟགས་	མཚན་རྟགས་	OTHER
ཅན་	ཅན་	PART
།		PUNCT
		
རྡོ་རྗེ་	རྡོ་རྗེ་	NOUN
ཡངས་པ་	ཡངས་པ་	ADJ
ཆེན་པོ་	ཆེན་པོ་	ADJ
ས་	ས་	ADP
གསུམ་	གསུམ་	NUM
གྱི་	གི་	PART
དཀྱིལ་འཁོར་	དཀྱིལ་འཁོར་	NOUN
ལ་	ལ་	PART
མངའ་	མངའ་	VERB
མཛད་པ་	མཛད་པ་	VERB
ཆེན་	ཆེན་	NO_POS
མོ་	མོ་	VERB
ཀུན་	ཀུན་	DET
ན་	ནས་	PART
བདག་ཅག་	བདག་ཅག་	PRON
འཁོར་	འཁོར་	NOUN
དང་	དང་	NO_POS
བཅས་པ་	བཅས་པ་	VERB
ལ་	ལ་	PART
བསྲུང་	བསྲུང་	NO_POS
དུ་	ལ་	PART
གསོལ་	གསོལ་	VERB
ལོ་	གོ་	PART
"།
།"		PUNCT
འཇིགས་པ་	འཇིགས་པ་	VERB
དང་	དང་	NO_POS
གདོན་	གདོན་	NOUN
ཐམས་ཅད་	ཐམས་ཅད་	DET
ལ་	ལ་	ADP
ས་	གིས་	PART
བདག་	བདག་	PRON
བདེ་ལེགས་	བདེ་ལེགས་	NOUN
སུ་	ལ་	PART
གྱུར་ཅིག་	གྱུར་ཅིག་	NO_POS
		
།		PUNCT
རིམས་	རིམས་	NOUN
ལ་སོགས་པ་	ལ་སོགས་པ་	NO_POS
འི་	གི་	PART
ནད་	ནད་	NOUN
ཐམས་ཅད་	ཐམས་ཅད་	DET
རབ་ཏུ་	རབ་ཏུ་	NO_POS
བསལ་	བསལ་	VERB
དུ་	ལ་	PART
གསོལ་	གསོལ་	VERB
ལོ་	གོ་	PART
།		PUNCT
		
།		PUNCT
རིག་པ་	རིག་པ་	VERB
དང་	དང་	NO_POS
ཕྱག་རྒྱ་	ཕྱག་རྒྱ་	NOUN
འི་	གི་	PART
ཚོགས་	ཚོགས་	NOUN
ཐམས་ཅད་	ཐམས་ཅད་	DET
ཀྱིས་	གིས་	PART
བདག་	བདག་	PRON
ལ་	ལ་	PART
བསྲུང་	བསྲུང་	NO_POS
དུ་	ལ་	PART
གསོལ་	གསོལ་	VERB
ལོ་	གོ་	PART
།		PUNCT
		
།		PUNCT
ཏདྱ་		NON_WORD
ཐཱ་		NON_WORD
།		PUNCT
		
ཨོཾ་	ཨོཾ་	X
སརྦ་	སརྦ་	NO_POS
ཏ་	ཏ་	OTHER
ཐཱ་		NON_WORD
ག་	ག་	PRON
ཏ་	ཏ་	OTHER
ཨོཾ་	ཨོཾ་	X
ཥྚོཾ་		NON_WORD
བནྡྷ་		NON_WORD
བནྡྷ་		NON_WORD
མ་མ་	མ་མ་	NOUN
རཀྵ་		NON_WORD
རཀྵ་		NON_WORD
སྭཱ་		NON_WORD
ཧཱ་		NON_WORD
།		PUNCT
		
ཨོཾ་	ཨོཾ་	X
ཥྚོཾ་		NON_WORD
བནྡྷ་		NON_WORD
བནྡྷ་		NON_WORD
བཛྲ་	བཛྲ་	NO_POS
མ་མ་	མ་མ་	NOUN
རཀྵ་		NON_WORD
རཀྵ་		NON_WORD
བཛྲ་	བཛྲ་	NO_POS
པཱ་	པཱ་	NO_POS
ཎི་		NON_WORD
ཧཱུྃ་		NON_WORD
ཕཊ་		NON_WORD
སྭཱ་		NON_WORD
ཧཱ་		NON_WORD
།		PUNCT
ཞེ་	ཅེས་	PART
ཅི་	ཅི་	NO_POS
ནུས་	ནུས་	VERB
བཟླས་	བཟླས་	NO_POS
ལ་	ལ་	PART
།		PUNCT
སེམས་ཅན་	སེམས་ཅན་	NOUN
གང་	གང་	NO_POS
སུ་	ལ་	PART
དག་	དག་	DET
བདག་	བདག་	PRON
ལ་	ལ་	PART
གདུག་པ་	གདུག་པ་	ADJ
དང་	དང་	NO_POS
།		PUNCT
		
དྲག་ཤུལ་	དྲག་ཤུལ་	NOUN
དང་	དང་	NO_POS
།		PUNCT
		
སྡིག་པ་	སྡིག་པ་	VERB
དང་	དང་	NO_POS
།		PUNCT
		
འཁྲུགས་པ་	འཁྲུགས་པ་	VERB
དང་	དང་	NO_POS
།		PUNCT
		
སྡང་བ་	སྡང་བ་	VERB
དང་	དང་	NO_POS
།		PUNCT
		
དེ་དག་	དེ་དག་	OTHER
གི་	གི་	PART
སེམས་	སེམས་	NOUN
དང་	དང་	NO_POS
ལྡན་པ་	ལྡན་པ་	VERB
རྣམས་	རྣམས་	DET
བྱམས་པ་	བྱམས་པ་	PROPN
འི་	གི་	PART
སེམས་	སེམས་	NOUN
དང་	དང་	NO_POS
ལྡན་པ་	ལྡན་པ་	VERB
ར་	ལ་	PART
གྱུར་	གྱུར་	VERB
ན་	ནས་	PART
བདག་	བདག་	PRON
དང་སེམས་	དང་སེམས་	NO_POS
ཅན་	ཅན་	PART
ཐམས་ཅད་	ཐམས་ཅད་	DET
བསྲུང་	བསྲུང་	NO_POS
དུ་	ལ་	PART
གསོལ་	གསོལ་	VERB
།		PUNCT
ལོ་	གོ་	PART
བརྒྱ་	བརྒྱ་	NUM
འཚོ་བ་	འཚོ་བ་	VERB
ར་	ལ་	PART
གྱུར་ཅིག་	གྱུར་ཅིག་	NO_POS
		
།		PUNCT
སྟོན་	སྟོན་	VERB
བརྒྱ་	བརྒྱ་	NUM
མཐོང་བ་	མཐོང་བ་	VERB
ར་	ལ་	PART
གྱུར་ཅིག་	གྱུར་ཅིག་	NO_POS
		
།		PUNCT
ཅེས་	ཅེས་	PART
བརྗོད་	བརྗོད་	VERB
།		PUNCT
སྐུ་	སྐུ་	NOUN
ལ་	ལ་	ADP
ས་	གིས་	PART
མེ་	མེ་	NOUN
མཚོན་	མཚོན་	NOUN
ཁྲོ་བོ་	ཁྲོ་བོ་	NOUN
འི་	གི་	PART
ཚོགས་	ཚོགས་	NOUN
དཔག་	དཔག་	VERB
ཏུ་	ལ་	PART
མེད་པ་	མེད་པ་	VERB
འཕྲོས་པ་	འཕྲོས་པ་	VERB
ས་	གིས་	PART
ཕས་རྒོལ་	ཕས་རྒོལ་	NOUN
བྱད་ཕུར་	བྱད་ཕུར་	NO_POS
རྦོད་གཏོང་	རྦོད་གཏོང་	NO_POS
སོགས་	སོགས་	DET
མི་མཐུན་པ་	མི་མཐུན་པ་	NO_POS
འི་	གི་	PART
ཕྱོགས་	ཕྱོགས་	NOUN
ཐམས་ཅད་	ཐམས་ཅད་	DET
གཟི་	གཟི་	OTHER
ར་	ལ་	PART
ཟློག་	ཟློག་	VERB
བཅིངས་	བཅིངས་	VERB
ཏེ་	སྟེ་	PART
ཚ་	ཚ་	VERB
བཅད་པ་	བཅད་པ་	VERB
ར་	ལ་	PART
བསམ་	བསམ་	NOUN
ལ་	ལ་	PART
།		PUNCT
བཅོམ་ལྡན་འདས་	བཅོམ་ལྡན་འདས་	NOUN
དེ་བཞིན་	དེ་བཞིན་	OTHER
གཤེགས་པ་	གཤེགས་པ་	VERB
འི་	གི་	PART
གཙུག་ཏོར་	གཙུག་ཏོར་	PROPN
ན་	ནས་	PART
བྱུང་བ་	བྱུང་བ་	VERB
འི་	གི་	PART
གདུགས་དཀར་	གདུགས་དཀར་	NO_POS
མོ་	གོ་	PART
ཅན་	ཅན་	PART
གཞན་	གཞན་	DET
གྱིས་	གིས་	PART
མི་	མི་	PART
ཐུབ་པ་	ཐུབ་པ་	VERB
ཕྱི་	ཕྱི་	OTHER
ཟློག་པ་	ཟློག་པ་	VERB
ཆེན་	ཆེན་	NO_POS
མོ་	མོ་	PRON
འི་	གི་	PART
རིག་པ་	རིག་པ་	VERB
དང་	དང་	NO_POS
ཕྱག་རྒྱ་	ཕྱག་རྒྱ་	NOUN
དང་	དང་	NO_POS
སྔགས་	སྔགས་	NOUN
ཀྱི་	གི་	PART
ཚོགས་	ཚོགས་	NOUN
ཀྱི་	གི་	PART
བདེན་པ་	བདེན་པ་	VERB
འི་	གི་	PART
སྟོབས་	སྟོབས་	NOUN
དང་	དང་	NO_POS
གཟི་བརྗིད་	གཟི་བརྗིད་	NOUN
ཀྱི་	གི་	PART
མཐུ་	མཐུ་	NOUN
ཡི་	གིས་	PART
བདག་	བདག་	PRON
འཁོར་	འཁོར་	NOUN
དང་	དང་	NO_POS
བཅས་པ་	བཅས་པ་	VERB
འི་	གི་	PART
སྡང་བ་	སྡང་བ་	VERB
དང་	དང་	NO_POS
རྨི་ལམ་	རྨི་ལམ་	NOUN
ངན་པ་	ངན་པ་	VERB
དང་	དང་	NO_POS
།		PUNCT
ལྟས་ངན་པ་	ལྟས་ངན་པ་	NOUN
དང་	དང་	NO_POS
།		PUNCT
		
ནད་	ནད་	NOUN
དང་	དང་	NO_POS
།		PUNCT
		
དགྲ་	དགྲ་	NOUN
དང་	དང་	NO_POS
འཇིགས་པ་	འཇིགས་པ་	VERB
ཐམས་ཅད་	ཐམས་ཅད་	DET
ཕྱི་	ཕྱི་	OTHER
ཟློག་པ་	ཟློག་པ་	VERB
ར་	ལ་	PART
གྱུར་ཅིག་	གྱུར་ཅིག་	NO_POS
།		PUNCT
ལྷ་	ལྷ་	NOUN
དང་	དང་	NO_POS
།		PUNCT
		
དྲང་སྲོང་	དྲང་སྲོང་	NOUN
དང་	དང་	NO_POS
།		PUNCT
		
རིག་	རིག་	VERB
སྔགས་འཆང་བ་	སྔགས་འཆང་བ་	NOUN
དང་	དང་	NO_POS
།		PUNCT
		
གདོན་	གདོན་	NOUN
དང་	དང་	NO_POS
།		PUNCT
		
འབྱུང་པོ་	འབྱུང་པོ་	NOUN
དང་	དང་	NO_POS
།		PUNCT
		
མདོར་ན་	མདོར་ན་	NO_POS
འཇིག་རྟེན་	འཇིག་རྟེན་	NOUN
དང་	དང་	NO_POS
འཇིག་རྟེན་	འཇིག་རྟེན་	NOUN
ལ་	ལ་	ADP
ས་	གིས་	PART
འདས་པ་	འདས་པ་	VERB
གང་	གང་	NO_POS
སུ་	སུ་	ADP
འང་	ཀྱང་	PART
རུང་	རུང་	SCONJ
གདུག་པ་	གདུག་པ་	ADJ
འི་	གི་	PART
སེམས་	སེམས་	NOUN
ཀྱིས་	གིས་	PART
བྱས་པ་	བྱས་པ་	VERB
འི་	གི་	PART
རིགས་	རིགས་	NOUN
སྔགས་	སྔགས་	NOUN
བཅད་	བཅད་	VERB
དོ་	གོ་	PART
"།
།"		PUNCT
ཕུར་བུ་	ཕུར་བུ་	PROPN
ས་	གིས་	PART
གདབ་བོ་	གདབ་བོ་	NO_POS
།		PUNCT
		
།		PUNCT
ཨོཾ་	ཨོཾ་	X
སརྦ་	སརྦ་	NO_POS
ཏ་	ཏ་	OTHER
ཐཱ་		NON_WORD
ག་	ག་	PRON
ཏོཥྞཱི་		NON_WORD
ཥ་	ཥ་	NO_POS
ཨ་ན་	ཨ་ན་	NO_POS
ལེ་	ལེ་	NO_POS
ཨ་བ་	ཨ་བ་	NO_POS
ལོ་	གོ་	PART
ཀི་	ཀི་	ADP
ཏེ་	སྟེ་	PART
ཙུརྞ་		NON_WORD
ཏེ་	སྟེ་	PART
ཛོ་	ཛོ་	NO_POS
རཱ་	རཱ་	NO_POS
སི་	སི་	OTHER
ཨོཾ་	ཨོཾ་	X
ཛྭ་		NON_WORD
ལ་	ལ་	PART
ཛྭ་		NON_WORD
ལ་	ལ་	PART
།		PUNCT
		
དྷ་		NON_WORD
ཀ་	ཀ་	DET
དྷ་		NON_WORD
ཀ་	ཀ་	DET
		
།		PUNCT
དྷ་		NON_WORD
ར་	ར་	ADP
དྷ་		NON_WORD
ར་	ར་	ADP
།		PUNCT
བི་	བི་	NO_POS
དྷ་		NON_WORD
ར་	ར་	ADP
།		PUNCT
		
བི་	བི་	NO_POS
དྷ་		NON_WORD
ར་	ར་	ADP
།		PUNCT
		
ཙྪིནྡྷ་		NON_WORD
ཙྪིནྡྷ་		NON_WORD
།		PUNCT
		
བྷིནྡྷ་		NON_WORD
བྷིནྡྷ་		NON_WORD
།		PUNCT
		
ཧཱུྃ་		NON_WORD
ཧཱུྃ་		NON_WORD
ཕཊ་		NON_WORD
ཕཊ་		NON_WORD
སྭཱ་		NON_WORD
ཧཱ་		NON_WORD
།		PUNCT
ཞེ་	ཅེས་	PART
མང་	མང་	VERB
དུ་	ལ་	PART
བཟླ་	བཟླ་	NO_POS
།		PUNCT
འདི་	འདི་	DET
ར་	ལ་	PART
སྤྱི་འགྲེ་	སྤྱི་འགྲེ་	NO_POS
འི་	གི་	PART
ཟློག་སྒྱུར་	ཟློག་སྒྱུར་	NO_POS
བྱ་བ་	བྱ་བ་	VERB
ར་	ལ་	PART
སྤྲོ་	སྤྲོ་	NO_POS
ན་	ལ་	PART
གྲུབ་ཆེན་	གྲུབ་ཆེན་	NOUN
ལ་	ལ་	ADP
ས་	གིས་	PART
ཀྱི་	གི་	PART
རྡོ་རྗེ་	རྡོ་རྗེ་	NOUN
ས་	གིས་	PART
མཛད་པ་	མཛད་པ་	VERB
འདི་ཉིད་	འདི་ཉིད་	OTHER
སྦྱོར་	སྦྱོར་	VERB
ཏེ་	སྟེ་	PART
།		PUNCT
བཅོམ་ལྡན་	བཅོམ་ལྡན་	NOUN
གདུགས་དཀར་	གདུགས་དཀར་	NO_POS
ལྷ་ཚོགས་	ལྷ་ཚོགས་	NOUN
རྣམས་	རྣམས་	DET
།		PUNCT
		
།		PUNCT
མཐུ་སྟོབས་	མཐུ་སྟོབས་	NOUN
ཐོགས་པ་	ཐོགས་པ་	VERB
མི་	མི་	PART
མངའ་	མངའ་	VERB
ཞིང་	ཅིང་	PART
།		PUNCT
		
།		PUNCT
ཐུགས་རྗེ་	ཐུགས་རྗེ་	NOUN
སྨོན་ལམ་	སྨོན་ལམ་	NOUN
མཐུ་	མཐུ་	NOUN
བཙན་པ་	བཙན་པ་	VERB
ས་	གིས་	PART
།		PUNCT
		
།		PUNCT
བདག་	བདག་	PRON
གི་	གི་	PART
ཇི་ལྟ་		
གསོལ་བ་	གསོལ་བ་	VERB
བཞིན་	བཞིན་	NOUN
།		PUNCT
		
།		PUNCT
སངས་རྒྱས་	སངས་རྒྱས་	NOUN
བསྟན་པ་	བསྟན་པ་	VERB
དར་བ་	དར་བ་	VERB
དང་	དང་	NO_POS
།		PUNCT
		
།		PUNCT
སེམས་ཅན་	སེམས་ཅན་	NOUN
བདེ་	བདེ་	VERB
དང་	དང་	NO_POS
ལྡན་པ་	ལྡན་པ་	VERB
ར་	ལ་	PART
མཛོད་	མཛོད་	NOUN
།		PUNCT
		
།		PUNCT
རྒྱུ་	རྒྱུ་	NOUN
སྦྱོར་	སྦྱོར་	VERB
ཡོན་བདག་	ཡོན་བདག་	NOUN
འཁོར་བཅས་	འཁོར་བཅས་	ADJ
ཀྱི་	གི་	PART
།		PUNCT
		
།		PUNCT
ཆག་	ཆག་	VERB
ཆེ་	ཆེ་	VERB
ཉམ་ང་	ཉམ་ང་	NOUN
བཟློག་	བཟློག་	VERB
ཏུ་	ལ་	PART
གསོལ་	གསོལ་	VERB
།		PUNCT
		
།		PUNCT
རྨི་ལམ་	རྨི་ལམ་	NOUN
མཚན་མ་	མཚན་མ་	NOUN
ངན་པ་	ངན་པ་	VERB
ཟློག་	ཟློག་	VERB
		
།		PUNCT
རྟགས་	རྟགས་	NOUN
དང་	དང་	NO_POS
རྟེན་འབྲེལ་	རྟེན་འབྲེལ་	NOUN
ངན་པ་	ངན་པ་	VERB
ཟློག་	ཟློག་	VERB
		
།		PUNCT
དགྲ་	དགྲ་	NOUN
འདྲེ་	འདྲེ་	NOUN
བསམ་སྦྱོར་	བསམ་སྦྱོར་	NOUN
ངན་པ་	ངན་པ་	VERB
ཟློག་	ཟློག་	VERB
		
།		PUNCT
ལྟས་ངན་	ལྟས་ངན་	NOUN
བརྒྱད་ཅུ་	བརྒྱད་ཅུ་	NO_POS
རྩ་	རྩ་	NUM
བཞི་	བཞི་	NUM
ཟློག་	ཟློག་	VERB
		
།		PUNCT
ཡེ་འདྲོག་	ཡེ་འདྲོག་	NO_POS
སུམ་བརྒྱ་	སུམ་བརྒྱ་	OTHER
དྲུག་ཅུ་	དྲུག་ཅུ་	NUM
ཟློག་	ཟློག་	VERB
		
།		PUNCT
ནད་	ནད་	NOUN
རིགས་བཞི་	རིགས་བཞི་	NO_POS
བརྒྱ་རྩ་	བརྒྱ་རྩ་	OTHER
བཞི་	བཞི་	NUM
ཟློག་	ཟློག་	VERB
		
།		PUNCT
བགེགས་	བགེགས་	NOUN
རིགས་	རིགས་	NOUN
སྟོང་ཕྲག་	སྟོང་ཕྲག་	OTHER
བརྒྱད་ཅུ་	བརྒྱད་ཅུ་	NO_POS
ཟློག་	ཟློག་	VERB
		
།		PUNCT
དུས་	དུས་	NOUN
མིན་	མིན་	AUX
འཆི་བ་	འཆི་བ་	VERB
རྣམ་	རྣམ་	NOUN
བརྒྱད་	བརྒྱད་	NUM
ཟློག་	ཟློག་	VERB
		
།		PUNCT
ཡ་		
ཀྱི་	གི་	PART
བདུད་	བདུད་	NOUN
དུ་	ལ་	PART
གཡོས་པ་	གཡོས་པ་	VERB
ཟློག་	ཟློག་	VERB
		
།		PUNCT
མ་	མ་	OTHER
ཀྱི་	གི་	PART
སྲི་	སྲི་	NO_POS
རུ་	ལ་	PART
ལངས་པ་	ལངས་པ་	VERB
ཟློག་	ཟློག་	VERB
		
།		PUNCT
དཔྲལ་བ་	དཔྲལ་བ་	NOUN
འི་	གི་	PART
གཤེད་	གཤེད་	NOUN
དུ་	ལ་	PART
བསྐོས་པ་	བསྐོས་པ་	VERB
ཟློག་	ཟློག་	VERB
		
།		PUNCT
ཕ་མེས་	ཕ་མེས་	NOUN
དུར་སྲི་	དུར་སྲི་	NO_POS
ལངས་པ་	ལངས་པ་	VERB
ཟློག་	ཟློག་	VERB
		
།		PUNCT
མིལ་		NON_WORD
ནད་	ནད་	NOUN
དུ་	ལ་	PART
གཏོང་བ་	གཏོང་བ་	VERB
ཟློག་	ཟློག་	VERB
		
།		PUNCT
ཕྱུགས་	ཕྱུགས་	NOUN
ལ་	ལ་	PART
གོད་ཁ་	གོད་ཁ་	NO_POS
བྱེད་པ་	བྱེད་པ་	VERB
ཟློག་	ཟློག་	VERB
		
།		PUNCT
གནམ་	གནམ་	NOUN
གྱི་	གི་	PART
དལ་ཁ་	དལ་ཁ་	NO_POS
ཐེབས་པ་	ཐེབས་པ་	VERB
ཟློག་	ཟློག་	VERB
		
།		PUNCT
ས་	ས་	ADP
ཡི་	གི་	PART
དུག་མདའ་	དུག་མདའ་	NOUN
གཡོས་པ་	གཡོས་པ་	VERB
ཟློག་	ཟློག་	VERB
		
།		PUNCT
སྨེ་བ་	སྨེ་བ་	NOUN
སྤར་ཁ་	སྤར་ཁ་	NO_POS
ངན་པ་	ངན་པ་	VERB
ཟློག་	ཟློག་	VERB
		
།		PUNCT
སྐེག་	སྐེག་	NO_POS
དང་	དང་	NO_POS
ཕུང་སྲི་	ཕུང་སྲི་	NO_POS
ལངས་པ་	ལངས་པ་	VERB
ཟློག་	ཟློག་	VERB
		
།		PUNCT
མི་	མི་	PART
མཐུན་	མཐུན་	VERB
ཕྱོགས་	ཕྱོགས་	NOUN
ཀུན་	ཀུན་	DET
བཟློག་	བཟློག་	VERB
གྱུར་ཅིག་	གྱུར་ཅིག་	NO_POS
		
།		PUNCT
ཅེས་	ཅེས་	PART
ཐལ་	ཐལ་	VERB
རྡེབ་	རྡེབ་	NO_POS
བྱ་	བྱ་	VERB
།		PUNCT
རྗེས་	རྗེས་	NOUN
ནི་	ནི་	NO_POS
།		PUNCT
སྣོད་བཅུད་	སྣོད་བཅུད་	NOUN
རང་	རང་	PRON
ཐིམ་	ཐིམ་	NO_POS
བདག་ཉིད་	བདག་ཉིད་	NOUN
ཀྱང་	ཀྱང་	PART
།		PUNCT
		
།		PUNCT
མི་	མི་	PART
དམིགས་	དམིགས་	VERB
ཆོ་	ཆོ་	NOUN
ཀྱི་	གི་	PART
དབྱིངས་	དབྱིངས་	NOUN
སུ་	ལ་	PART
ཡལ་	ཡལ་	NO_POS
།		PUNCT
		
།		PUNCT
སླར་ཡང་	སླར་ཡང་	OTHER
གཟུགས་	གཟུགས་	NOUN
ཀྱི་	གི་	PART
སྐུ་	སྐུ་	NOUN
ཤ་	ཤ་	VERB
ཏེ་	སྟེ་	PART
།		PUNCT
		
།		PUNCT
རྡོ་རྗེ་	རྡོ་རྗེ་	NOUN
གསུམ་	གསུམ་	NUM
གྱིས་	གིས་	PART
བསྲུང་བ་	བསྲུང་བ་	VERB
ར་	ལ་	PART
གྱུར་	གྱུར་	VERB
།།		PUNCT
དགེ་བ་	དགེ་བ་	VERB
འདི་	འདི་	DET
ཡི་	གིས་	PART
མྱུར་	མྱུར་	VERB
དུ་	ལ་	PART
བདག་	བདག་	PRON
		
།		PUNCT
གཙུག་ཏོར་	གཙུག་ཏོར་	PROPN
རྒྱལ་མོ་	རྒྱལ་མོ་	OTHER
འགྲུབ་	འགྲུབ་	VERB
གྱུར་	གྱུར་	VERB
ན་	ནས་	PART
།		PUNCT
		
།		PUNCT
འགྲོ་བ་	འགྲོ་བ་	VERB
གཅིག་	གཅིག་	NUM
ཀྱང་	ཀྱང་	PART
མ་ལུས་པ་	མ་ལུས་པ་	OTHER
།		PUNCT
		
།		PUNCT
དེ་	སྟེ་	PART
ཡི་	གི་	PART
ས་	ས་	ADP
ལ་	ལ་	PART
འགོད་པ་	འགོད་པ་	VERB
ར་	ལ་	PART
ཤོག་	ཤོག་	VERB
		
།		PUNCT
ཞེ་	ཅེས་	PART
སོགས་	སོགས་	DET
བསྔོ་སྨོན་	བསྔོ་སྨོན་	NO_POS
དང་	དང་	NO_POS
ཤིས་བརྗོད་	ཤིས་བརྗོད་	OTHER
ཅི་	ཅི་	NO_POS
ལྟ་	ལྟ་	OTHER
རིགས་པ་	རིགས་པ་	VERB
ར་	ལ་	PART
བྱ་	བྱ་	VERB
འོ་	གོ་	PART
།		PUNCT
		
།		PUNCT
ཞེས་་	ཞེས་པ་	PART
འང་	ཀྱང་	PART
རྒྱུན་	རྒྱུན་	NOUN
གྱི་	གི་	PART
ངག་འདོན་	ངག་འདོན་	OTHER
ཁྱེ་	ཁྱེ་	VERB
བདེ་	བདེ་	VERB
འི་	གི་	PART
ཡན་ལག་	ཡན་ལག་	NOUN
ཏུ་	ལ་	PART
འཇིགས་	འཇིགས་	VERB
བྲལ་	བྲལ་	VERB
ཡེ་ཤེས་	ཡེ་ཤེས་	NOUN
རྡོ་རྗེ་	རྡོ་རྗེ་	NOUN
ས་	གིས་	PART
སྦྱར་བ་	སྦྱར་བ་	VERB
ཛ་	ཛ་	OTHER
ཡནྟུ་		NON_WORD
།		PUNCT
		
།		PUNCT
